{
  "ABIRoot": {
    "kind": "Root",
    "name": "TopLevel",
    "printedName": "TopLevel",
    "children": [
      {
        "kind": "Import",
        "name": "Foundation",
        "printedName": "Foundation",
        "declKind": "Import",
        "moduleName": "TGASDKBipPayLib",
        "declAttributes": [
          "RawDocComment"
        ]
      },
      {
        "kind": "TypeDecl",
        "name": "BipPayCallback",
        "printedName": "BipPayCallback",
        "children": [
          {
            "kind": "Function",
            "name": "onInAppBipPay",
            "printedName": "onInAppBipPay(orderNo:)",
            "children": [
              {
                "kind": "TypeNominal",
                "name": "Void",
                "printedName": "()"
              },
              {
                "kind": "TypeNominal",
                "name": "String",
                "printedName": "Swift.String",
                "usr": "s:SS"
              }
            ],
            "declKind": "Func",
            "usr": "c:@M@TGASDKBipPayLib@objc(pl)BipPayCallback(im)onInAppBipPayWithOrderNo:",
            "mangledName": "$s15TGASDKBipPayLib03BipB8CallbackP07onInAppdB07orderNoySS_tF",
            "moduleName": "TGASDKBipPayLib",
            "genericSig": "<τ_0_0 where τ_0_0 : TGASDKBipPayLib.BipPayCallback>",
            "sugared_genericSig": "<Self where Self : TGASDKBipPayLib.BipPayCallback>",
            "protocolReq": true,
            "objc_name": "onInAppBipPayWithOrderNo:",
            "declAttributes": [
              "ObjC",
              "RawDocComment"
            ],
            "reqNewWitnessTableEntry": true,
            "funcSelfKind": "NonMutating"
          }
        ],
        "declKind": "Protocol",
        "usr": "c:@M@TGASDKBipPayLib@objc(pl)BipPayCallback",
        "mangledName": "$s15TGASDKBipPayLib03BipB8CallbackP",
        "moduleName": "TGASDKBipPayLib",
        "genericSig": "<τ_0_0 : ObjectiveC.NSObjectProtocol>",
        "sugared_genericSig": "<Self : ObjectiveC.NSObjectProtocol>",
        "declAttributes": [
          "AccessControl",
          "ObjC"
        ]
      },
      {
        "kind": "Import",
        "name": "Foundation",
        "printedName": "Foundation",
        "declKind": "Import",
        "moduleName": "TGASDKBipPayLib",
        "declAttributes": [
          "RawDocComment"
        ]
      },
      {
        "kind": "TypeDecl",
        "name": "BipPayInfoCallback",
        "printedName": "BipPayInfoCallback",
        "children": [
          {
            "kind": "Function",
            "name": "getEncryptedMsisdn",
            "printedName": "getEncryptedMsisdn()",
            "children": [
              {
                "kind": "TypeNominal",
                "name": "String",
                "printedName": "Swift.String",
                "usr": "s:SS"
              }
            ],
            "declKind": "Func",
            "usr": "c:@M@TGASDKBipPayLib@objc(pl)BipPayInfoCallback(im)getEncryptedMsisdn",
            "mangledName": "$s15TGASDKBipPayLib03BipB12InfoCallbackP18getEncryptedMsisdnSSyF",
            "moduleName": "TGASDKBipPayLib",
            "genericSig": "<τ_0_0 where τ_0_0 : TGASDKBipPayLib.BipPayInfoCallback>",
            "sugared_genericSig": "<Self where Self : TGASDKBipPayLib.BipPayInfoCallback>",
            "protocolReq": true,
            "declAttributes": [
              "ObjC",
              "RawDocComment"
            ],
            "reqNewWitnessTableEntry": true,
            "funcSelfKind": "NonMutating"
          }
        ],
        "declKind": "Protocol",
        "usr": "c:@M@TGASDKBipPayLib@objc(pl)BipPayInfoCallback",
        "mangledName": "$s15TGASDKBipPayLib03BipB12InfoCallbackP",
        "moduleName": "TGASDKBipPayLib",
        "genericSig": "<τ_0_0 : ObjectiveC.NSObjectProtocol>",
        "sugared_genericSig": "<Self : ObjectiveC.NSObjectProtocol>",
        "declAttributes": [
          "AccessControl",
          "ObjC"
        ]
      },
      {
        "kind": "Import",
        "name": "Foundation",
        "printedName": "Foundation",
        "declKind": "Import",
        "moduleName": "TGASDKBipPayLib",
        "declAttributes": [
          "RawDocComment"
        ]
      },
      {
        "kind": "TypeDecl",
        "name": "PurchaseError",
        "printedName": "PurchaseError",
        "children": [
          {
            "kind": "Var",
            "name": "resultCode",
            "printedName": "resultCode",
            "children": [
              {
                "kind": "TypeNominal",
                "name": "Optional",
                "printedName": "Swift.Int?",
                "children": [
                  {
                    "kind": "TypeNominal",
                    "name": "Int",
                    "printedName": "Swift.Int",
                    "usr": "s:Si"
                  }
                ],
                "usr": "s:Sq"
              }
            ],
            "declKind": "Var",
            "usr": "s:15TGASDKBipPayLib13PurchaseErrorC10resultCodeSiSgvp",
            "mangledName": "$s15TGASDKBipPayLib13PurchaseErrorC10resultCodeSiSgvp",
            "moduleName": "TGASDKBipPayLib",
            "declAttributes": [
              "HasInitialValue",
              "HasStorage",
              "AccessControl"
            ],
            "hasStorage": true,
            "accessors": [
              {
                "kind": "Accessor",
                "name": "Get",
                "printedName": "Get()",
                "children": [
                  {
                    "kind": "TypeNominal",
                    "name": "Optional",
                    "printedName": "Swift.Int?",
                    "children": [
                      {
                        "kind": "TypeNominal",
                        "name": "Int",
                        "printedName": "Swift.Int",
                        "usr": "s:Si"
                      }
                    ],
                    "usr": "s:Sq"
                  }
                ],
                "declKind": "Accessor",
                "usr": "s:15TGASDKBipPayLib13PurchaseErrorC10resultCodeSiSgvg",
                "mangledName": "$s15TGASDKBipPayLib13PurchaseErrorC10resultCodeSiSgvg",
                "moduleName": "TGASDKBipPayLib",
                "implicit": true,
                "accessorKind": "get"
              },
              {
                "kind": "Accessor",
                "name": "Set",
                "printedName": "Set()",
                "children": [
                  {
                    "kind": "TypeNominal",
                    "name": "Void",
                    "printedName": "()"
                  },
                  {
                    "kind": "TypeNominal",
                    "name": "Optional",
                    "printedName": "Swift.Int?",
                    "children": [
                      {
                        "kind": "TypeNominal",
                        "name": "Int",
                        "printedName": "Swift.Int",
                        "usr": "s:Si"
                      }
                    ],
                    "usr": "s:Sq"
                  }
                ],
                "declKind": "Accessor",
                "usr": "s:15TGASDKBipPayLib13PurchaseErrorC10resultCodeSiSgvs",
                "mangledName": "$s15TGASDKBipPayLib13PurchaseErrorC10resultCodeSiSgvs",
                "moduleName": "TGASDKBipPayLib",
                "implicit": true,
                "accessorKind": "set"
              },
              {
                "kind": "Accessor",
                "name": "Modify",
                "printedName": "Modify()",
                "children": [
                  {
                    "kind": "TypeNominal",
                    "name": "Void",
                    "printedName": "()"
                  }
                ],
                "declKind": "Accessor",
                "usr": "s:15TGASDKBipPayLib13PurchaseErrorC10resultCodeSiSgvM",
                "mangledName": "$s15TGASDKBipPayLib13PurchaseErrorC10resultCodeSiSgvM",
                "moduleName": "TGASDKBipPayLib",
                "implicit": true,
                "accessorKind": "_modify"
              }
            ]
          },
          {
            "kind": "Var",
            "name": "resultDesc",
            "printedName": "resultDesc",
            "children": [
              {
                "kind": "TypeNominal",
                "name": "Optional",
                "printedName": "Swift.String?",
                "children": [
                  {
                    "kind": "TypeNominal",
                    "name": "String",
                    "printedName": "Swift.String",
                    "usr": "s:SS"
                  }
                ],
                "usr": "s:Sq"
              }
            ],
            "declKind": "Var",
            "usr": "s:15TGASDKBipPayLib13PurchaseErrorC10resultDescSSSgvp",
            "mangledName": "$s15TGASDKBipPayLib13PurchaseErrorC10resultDescSSSgvp",
            "moduleName": "TGASDKBipPayLib",
            "declAttributes": [
              "HasInitialValue",
              "HasStorage",
              "AccessControl"
            ],
            "hasStorage": true,
            "accessors": [
              {
                "kind": "Accessor",
                "name": "Get",
                "printedName": "Get()",
                "children": [
                  {
                    "kind": "TypeNominal",
                    "name": "Optional",
                    "printedName": "Swift.String?",
                    "children": [
                      {
                        "kind": "TypeNominal",
                        "name": "String",
                        "printedName": "Swift.String",
                        "usr": "s:SS"
                      }
                    ],
                    "usr": "s:Sq"
                  }
                ],
                "declKind": "Accessor",
                "usr": "s:15TGASDKBipPayLib13PurchaseErrorC10resultDescSSSgvg",
                "mangledName": "$s15TGASDKBipPayLib13PurchaseErrorC10resultDescSSSgvg",
                "moduleName": "TGASDKBipPayLib",
                "implicit": true,
                "accessorKind": "get"
              },
              {
                "kind": "Accessor",
                "name": "Set",
                "printedName": "Set()",
                "children": [
                  {
                    "kind": "TypeNominal",
                    "name": "Void",
                    "printedName": "()"
                  },
                  {
                    "kind": "TypeNominal",
                    "name": "Optional",
                    "printedName": "Swift.String?",
                    "children": [
                      {
                        "kind": "TypeNominal",
                        "name": "String",
                        "printedName": "Swift.String",
                        "usr": "s:SS"
                      }
                    ],
                    "usr": "s:Sq"
                  }
                ],
                "declKind": "Accessor",
                "usr": "s:15TGASDKBipPayLib13PurchaseErrorC10resultDescSSSgvs",
                "mangledName": "$s15TGASDKBipPayLib13PurchaseErrorC10resultDescSSSgvs",
                "moduleName": "TGASDKBipPayLib",
                "implicit": true,
                "accessorKind": "set"
              },
              {
                "kind": "Accessor",
                "name": "Modify",
                "printedName": "Modify()",
                "children": [
                  {
                    "kind": "TypeNominal",
                    "name": "Void",
                    "printedName": "()"
                  }
                ],
                "declKind": "Accessor",
                "usr": "s:15TGASDKBipPayLib13PurchaseErrorC10resultDescSSSgvM",
                "mangledName": "$s15TGASDKBipPayLib13PurchaseErrorC10resultDescSSSgvM",
                "moduleName": "TGASDKBipPayLib",
                "implicit": true,
                "accessorKind": "_modify"
              }
            ]
          },
          {
            "kind": "Var",
            "name": "transactionId",
            "printedName": "transactionId",
            "children": [
              {
                "kind": "TypeNominal",
                "name": "Optional",
                "printedName": "Swift.String?",
                "children": [
                  {
                    "kind": "TypeNominal",
                    "name": "String",
                    "printedName": "Swift.String",
                    "usr": "s:SS"
                  }
                ],
                "usr": "s:Sq"
              }
            ],
            "declKind": "Var",
            "usr": "s:15TGASDKBipPayLib13PurchaseErrorC13transactionIdSSSgvp",
            "mangledName": "$s15TGASDKBipPayLib13PurchaseErrorC13transactionIdSSSgvp",
            "moduleName": "TGASDKBipPayLib",
            "declAttributes": [
              "HasInitialValue",
              "HasStorage",
              "AccessControl"
            ],
            "hasStorage": true,
            "accessors": [
              {
                "kind": "Accessor",
                "name": "Get",
                "printedName": "Get()",
                "children": [
                  {
                    "kind": "TypeNominal",
                    "name": "Optional",
                    "printedName": "Swift.String?",
                    "children": [
                      {
                        "kind": "TypeNominal",
                        "name": "String",
                        "printedName": "Swift.String",
                        "usr": "s:SS"
                      }
                    ],
                    "usr": "s:Sq"
                  }
                ],
                "declKind": "Accessor",
                "usr": "s:15TGASDKBipPayLib13PurchaseErrorC13transactionIdSSSgvg",
                "mangledName": "$s15TGASDKBipPayLib13PurchaseErrorC13transactionIdSSSgvg",
                "moduleName": "TGASDKBipPayLib",
                "implicit": true,
                "accessorKind": "get"
              },
              {
                "kind": "Accessor",
                "name": "Set",
                "printedName": "Set()",
                "children": [
                  {
                    "kind": "TypeNominal",
                    "name": "Void",
                    "printedName": "()"
                  },
                  {
                    "kind": "TypeNominal",
                    "name": "Optional",
                    "printedName": "Swift.String?",
                    "children": [
                      {
                        "kind": "TypeNominal",
                        "name": "String",
                        "printedName": "Swift.String",
                        "usr": "s:SS"
                      }
                    ],
                    "usr": "s:Sq"
                  }
                ],
                "declKind": "Accessor",
                "usr": "s:15TGASDKBipPayLib13PurchaseErrorC13transactionIdSSSgvs",
                "mangledName": "$s15TGASDKBipPayLib13PurchaseErrorC13transactionIdSSSgvs",
                "moduleName": "TGASDKBipPayLib",
                "implicit": true,
                "accessorKind": "set"
              },
              {
                "kind": "Accessor",
                "name": "Modify",
                "printedName": "Modify()",
                "children": [
                  {
                    "kind": "TypeNominal",
                    "name": "Void",
                    "printedName": "()"
                  }
                ],
                "declKind": "Accessor",
                "usr": "s:15TGASDKBipPayLib13PurchaseErrorC13transactionIdSSSgvM",
                "mangledName": "$s15TGASDKBipPayLib13PurchaseErrorC13transactionIdSSSgvM",
                "moduleName": "TGASDKBipPayLib",
                "implicit": true,
                "accessorKind": "_modify"
              }
            ]
          },
          {
            "kind": "Constructor",
            "name": "init",
            "printedName": "init()",
            "children": [
              {
                "kind": "TypeNominal",
                "name": "PurchaseError",
                "printedName": "TGASDKBipPayLib.PurchaseError",
                "usr": "c:@M@TGASDKBipPayLib@objc(cs)PurchaseError"
              }
            ],
            "declKind": "Constructor",
            "usr": "c:@M@TGASDKBipPayLib@objc(cs)PurchaseError(im)init",
            "mangledName": "$s15TGASDKBipPayLib13PurchaseErrorCACycfc",
            "moduleName": "TGASDKBipPayLib",
            "overriding": true,
            "implicit": true,
            "objc_name": "init",
            "declAttributes": [
              "Dynamic",
              "ObjC",
              "Override"
            ],
            "init_kind": "Designated"
          }
        ],
        "declKind": "Class",
        "usr": "c:@M@TGASDKBipPayLib@objc(cs)PurchaseError",
        "mangledName": "$s15TGASDKBipPayLib13PurchaseErrorC",
        "moduleName": "TGASDKBipPayLib",
        "declAttributes": [
          "AccessControl",
          "ObjC"
        ],
        "superclassUsr": "c:objc(cs)NSObject",
        "inheritsConvenienceInitializers": true,
        "superclassNames": [
          "ObjectiveC.NSObject"
        ],
        "conformances": [
          {
            "kind": "Conformance",
            "name": "Equatable",
            "printedName": "Equatable",
            "usr": "s:SQ",
            "mangledName": "$sSQ"
          },
          {
            "kind": "Conformance",
            "name": "Hashable",
            "printedName": "Hashable",
            "usr": "s:SH",
            "mangledName": "$sSH"
          },
          {
            "kind": "Conformance",
            "name": "CVarArg",
            "printedName": "CVarArg",
            "usr": "s:s7CVarArgP",
            "mangledName": "$ss7CVarArgP"
          },
          {
            "kind": "Conformance",
            "name": "_KeyValueCodingAndObservingPublishing",
            "printedName": "_KeyValueCodingAndObservingPublishing",
            "usr": "s:10Foundation37_KeyValueCodingAndObservingPublishingP",
            "mangledName": "$s10Foundation37_KeyValueCodingAndObservingPublishingP"
          },
          {
            "kind": "Conformance",
            "name": "_KeyValueCodingAndObserving",
            "printedName": "_KeyValueCodingAndObserving",
            "usr": "s:10Foundation27_KeyValueCodingAndObservingP",
            "mangledName": "$s10Foundation27_KeyValueCodingAndObservingP"
          },
          {
            "kind": "Conformance",
            "name": "CustomStringConvertible",
            "printedName": "CustomStringConvertible",
            "usr": "s:s23CustomStringConvertibleP",
            "mangledName": "$ss23CustomStringConvertibleP"
          },
          {
            "kind": "Conformance",
            "name": "CustomDebugStringConvertible",
            "printedName": "CustomDebugStringConvertible",
            "usr": "s:s28CustomDebugStringConvertibleP",
            "mangledName": "$ss28CustomDebugStringConvertibleP"
          }
        ]
      },
      {
        "kind": "TypeDecl",
        "name": "BipPayManager",
        "printedName": "BipPayManager",
        "children": [
          {
            "kind": "Function",
            "name": "setBipPayInfoCallback",
            "printedName": "setBipPayInfoCallback(callback:)",
            "children": [
              {
                "kind": "TypeNominal",
                "name": "Void",
                "printedName": "()"
              },
              {
                "kind": "TypeNominal",
                "name": "BipPayInfoCallback",
                "printedName": "TGASDKBipPayLib.BipPayInfoCallback",
                "usr": "c:@M@TGASDKBipPayLib@objc(pl)BipPayInfoCallback"
              }
            ],
            "declKind": "Func",
            "usr": "c:@M@TGASDKBipPayLib@objc(cs)BipPayManager(cm)setBipPayInfoCallbackWithCallback:",
            "mangledName": "$s15TGASDKBipPayLib03BipB7ManagerC03setdB12InfoCallback8callbackyAA0dbgH0_p_tFZ",
            "moduleName": "TGASDKBipPayLib",
            "static": true,
            "objc_name": "setBipPayInfoCallbackWithCallback:",
            "declAttributes": [
              "Final",
              "AccessControl",
              "ObjC"
            ],
            "funcSelfKind": "NonMutating"
          },
          {
            "kind": "Function",
            "name": "setBipPayCallback",
            "printedName": "setBipPayCallback(callback:)",
            "children": [
              {
                "kind": "TypeNominal",
                "name": "Void",
                "printedName": "()"
              },
              {
                "kind": "TypeNominal",
                "name": "BipPayCallback",
                "printedName": "TGASDKBipPayLib.BipPayCallback",
                "usr": "c:@M@TGASDKBipPayLib@objc(pl)BipPayCallback"
              }
            ],
            "declKind": "Func",
            "usr": "c:@M@TGASDKBipPayLib@objc(cs)BipPayManager(cm)setBipPayCallbackWithCallback:",
            "mangledName": "$s15TGASDKBipPayLib03BipB7ManagerC03setdB8Callback8callbackyAA0dbG0_p_tFZ",
            "moduleName": "TGASDKBipPayLib",
            "static": true,
            "objc_name": "setBipPayCallbackWithCallback:",
            "declAttributes": [
              "Final",
              "AccessControl",
              "ObjC"
            ],
            "funcSelfKind": "NonMutating"
          },
          {
            "kind": "Function",
            "name": "onInAppPaySuccess",
            "printedName": "onInAppPaySuccess(orderNo:)",
            "children": [
              {
                "kind": "TypeNominal",
                "name": "Void",
                "printedName": "()"
              },
              {
                "kind": "TypeNominal",
                "name": "String",
                "printedName": "Swift.String",
                "usr": "s:SS"
              }
            ],
            "declKind": "Func",
            "usr": "c:@M@TGASDKBipPayLib@objc(cs)BipPayManager(cm)onInAppPaySuccessWithOrderNo:",
            "mangledName": "$s15TGASDKBipPayLib03BipB7ManagerC07onInAppB7Success7orderNoySS_tFZ",
            "moduleName": "TGASDKBipPayLib",
            "static": true,
            "objc_name": "onInAppPaySuccessWithOrderNo:",
            "declAttributes": [
              "Final",
              "AccessControl",
              "ObjC"
            ],
            "funcSelfKind": "NonMutating"
          },
          {
            "kind": "Function",
            "name": "onInAppPayFailure",
            "printedName": "onInAppPayFailure(error:)",
            "children": [
              {
                "kind": "TypeNominal",
                "name": "Void",
                "printedName": "()"
              },
              {
                "kind": "TypeNominal",
                "name": "PurchaseError",
                "printedName": "TGASDKBipPayLib.PurchaseError",
                "usr": "c:@M@TGASDKBipPayLib@objc(cs)PurchaseError"
              }
            ],
            "declKind": "Func",
            "usr": "c:@M@TGASDKBipPayLib@objc(cs)BipPayManager(cm)onInAppPayFailureWithError:",
            "mangledName": "$s15TGASDKBipPayLib03BipB7ManagerC07onInAppB7Failure5erroryAA13PurchaseErrorC_tFZ",
            "moduleName": "TGASDKBipPayLib",
            "static": true,
            "objc_name": "onInAppPayFailureWithError:",
            "declAttributes": [
              "Final",
              "AccessControl",
              "ObjC"
            ],
            "funcSelfKind": "NonMutating"
          },
          {
            "kind": "Constructor",
            "name": "init",
            "printedName": "init()",
            "children": [
              {
                "kind": "TypeNominal",
                "name": "BipPayManager",
                "printedName": "TGASDKBipPayLib.BipPayManager",
                "usr": "c:@M@TGASDKBipPayLib@objc(cs)BipPayManager"
              }
            ],
            "declKind": "Constructor",
            "usr": "c:@M@TGASDKBipPayLib@objc(cs)BipPayManager(im)init",
            "mangledName": "$s15TGASDKBipPayLib03BipB7ManagerCACycfc",
            "moduleName": "TGASDKBipPayLib",
            "overriding": true,
            "implicit": true,
            "objc_name": "init",
            "declAttributes": [
              "Dynamic",
              "ObjC",
              "Override"
            ],
            "init_kind": "Designated"
          }
        ],
        "declKind": "Class",
        "usr": "c:@M@TGASDKBipPayLib@objc(cs)BipPayManager",
        "mangledName": "$s15TGASDKBipPayLib03BipB7ManagerC",
        "moduleName": "TGASDKBipPayLib",
        "declAttributes": [
          "AccessControl",
          "ObjC"
        ],
        "superclassUsr": "c:objc(cs)NSObject",
        "inheritsConvenienceInitializers": true,
        "superclassNames": [
          "ObjectiveC.NSObject"
        ],
        "conformances": [
          {
            "kind": "Conformance",
            "name": "Equatable",
            "printedName": "Equatable",
            "usr": "s:SQ",
            "mangledName": "$sSQ"
          },
          {
            "kind": "Conformance",
            "name": "Hashable",
            "printedName": "Hashable",
            "usr": "s:SH",
            "mangledName": "$sSH"
          },
          {
            "kind": "Conformance",
            "name": "CVarArg",
            "printedName": "CVarArg",
            "usr": "s:s7CVarArgP",
            "mangledName": "$ss7CVarArgP"
          },
          {
            "kind": "Conformance",
            "name": "_KeyValueCodingAndObservingPublishing",
            "printedName": "_KeyValueCodingAndObservingPublishing",
            "usr": "s:10Foundation37_KeyValueCodingAndObservingPublishingP",
            "mangledName": "$s10Foundation37_KeyValueCodingAndObservingPublishingP"
          },
          {
            "kind": "Conformance",
            "name": "_KeyValueCodingAndObserving",
            "printedName": "_KeyValueCodingAndObserving",
            "usr": "s:10Foundation27_KeyValueCodingAndObservingP",
            "mangledName": "$s10Foundation27_KeyValueCodingAndObservingP"
          },
          {
            "kind": "Conformance",
            "name": "CustomStringConvertible",
            "printedName": "CustomStringConvertible",
            "usr": "s:s23CustomStringConvertibleP",
            "mangledName": "$ss23CustomStringConvertibleP"
          },
          {
            "kind": "Conformance",
            "name": "CustomDebugStringConvertible",
            "printedName": "CustomDebugStringConvertible",
            "usr": "s:s28CustomDebugStringConvertibleP",
            "mangledName": "$ss28CustomDebugStringConvertibleP"
          }
        ]
      },
      {
        "kind": "Import",
        "name": "TGASDK",
        "printedName": "TGASDK",
        "declKind": "Import",
        "moduleName": "TGASDKBipPayLib",
        "declAttributes": [
          "RawDocComment"
        ]
      },
      {
        "kind": "TypeDecl",
        "name": "TGABipPayWebPlugin",
        "printedName": "TGABipPayWebPlugin",
        "children": [
          {
            "kind": "Function",
            "name": "getCommand",
            "printedName": "getCommand()",
            "children": [
              {
                "kind": "TypeNominal",
                "name": "Optional",
                "printedName": "TGASDK.WebCommand?",
                "children": [
                  {
                    "kind": "TypeNominal",
                    "name": "WebCommand",
                    "printedName": "TGASDK.WebCommand",
                    "usr": "s:6TGASDK10WebCommandV"
                  }
                ],
                "usr": "s:Sq"
              }
            ],
            "declKind": "Func",
            "usr": "s:15TGASDKBipPayLib06TGABipB9WebPluginC10getCommand6TGASDK0eH0VSgyF",
            "mangledName": "$s15TGASDKBipPayLib06TGABipB9WebPluginC10getCommand6TGASDK0eH0VSgyF",
            "moduleName": "TGASDKBipPayLib",
            "overriding": true,
            "declAttributes": [
              "Override",
              "AccessControl"
            ],
            "funcSelfKind": "NonMutating"
          },
          {
            "kind": "Function",
            "name": "exec",
            "printedName": "exec(info:)",
            "children": [
              {
                "kind": "TypeNominal",
                "name": "Bool",
                "printedName": "Swift.Bool",
                "usr": "s:Sb"
              },
              {
                "kind": "TypeNominal",
                "name": "Optional",
                "printedName": "TGASDK.JsInfo?",
                "children": [
                  {
                    "kind": "TypeNominal",
                    "name": "JsInfo",
                    "printedName": "TGASDK.JsInfo",
                    "usr": "s:6TGASDK6JsInfoC"
                  }
                ],
                "usr": "s:Sq"
              }
            ],
            "declKind": "Func",
            "usr": "s:15TGASDKBipPayLib06TGABipB9WebPluginC4exec4infoSb6TGASDK6JsInfoCSg_tF",
            "mangledName": "$s15TGASDKBipPayLib06TGABipB9WebPluginC4exec4infoSb6TGASDK6JsInfoCSg_tF",
            "moduleName": "TGASDKBipPayLib",
            "overriding": true,
            "declAttributes": [
              "Override",
              "AccessControl"
            ],
            "funcSelfKind": "NonMutating"
          },
          {
            "kind": "Constructor",
            "name": "init",
            "printedName": "init()",
            "children": [
              {
                "kind": "TypeNominal",
                "name": "TGABipPayWebPlugin",
                "printedName": "TGASDKBipPayLib.TGABipPayWebPlugin",
                "usr": "s:15TGASDKBipPayLib06TGABipB9WebPluginC"
              }
            ],
            "declKind": "Constructor",
            "usr": "s:15TGASDKBipPayLib06TGABipB9WebPluginCACycfc",
            "mangledName": "$s15TGASDKBipPayLib06TGABipB9WebPluginCACycfc",
            "moduleName": "TGASDKBipPayLib",
            "overriding": true,
            "implicit": true,
            "objc_name": "init",
            "declAttributes": [
              "Dynamic",
              "ObjC",
              "Required"
            ],
            "init_kind": "Designated"
          }
        ],
        "declKind": "Class",
        "usr": "s:15TGASDKBipPayLib06TGABipB9WebPluginC",
        "mangledName": "$s15TGASDKBipPayLib06TGABipB9WebPluginC",
        "moduleName": "TGASDKBipPayLib",
        "declAttributes": [
          "AccessControl"
        ],
        "superclassUsr": "c:@M@TGASDK@objc(cs)TGAWebPluginBase",
        "inheritsConvenienceInitializers": true,
        "superclassNames": [
          "TGASDK.TGAWebPluginBase",
          "ObjectiveC.NSObject"
        ],
        "conformances": [
          {
            "kind": "Conformance",
            "name": "Equatable",
            "printedName": "Equatable",
            "usr": "s:SQ",
            "mangledName": "$sSQ"
          },
          {
            "kind": "Conformance",
            "name": "Hashable",
            "printedName": "Hashable",
            "usr": "s:SH",
            "mangledName": "$sSH"
          },
          {
            "kind": "Conformance",
            "name": "CVarArg",
            "printedName": "CVarArg",
            "usr": "s:s7CVarArgP",
            "mangledName": "$ss7CVarArgP"
          },
          {
            "kind": "Conformance",
            "name": "_KeyValueCodingAndObservingPublishing",
            "printedName": "_KeyValueCodingAndObservingPublishing",
            "usr": "s:10Foundation37_KeyValueCodingAndObservingPublishingP",
            "mangledName": "$s10Foundation37_KeyValueCodingAndObservingPublishingP"
          },
          {
            "kind": "Conformance",
            "name": "_KeyValueCodingAndObserving",
            "printedName": "_KeyValueCodingAndObserving",
            "usr": "s:10Foundation27_KeyValueCodingAndObservingP",
            "mangledName": "$s10Foundation27_KeyValueCodingAndObservingP"
          },
          {
            "kind": "Conformance",
            "name": "CustomStringConvertible",
            "printedName": "CustomStringConvertible",
            "usr": "s:s23CustomStringConvertibleP",
            "mangledName": "$ss23CustomStringConvertibleP"
          },
          {
            "kind": "Conformance",
            "name": "CustomDebugStringConvertible",
            "printedName": "CustomDebugStringConvertible",
            "usr": "s:s28CustomDebugStringConvertibleP",
            "mangledName": "$ss28CustomDebugStringConvertibleP"
          }
        ]
      }
    ],
    "json_format_version": 8
  },
  "ConstValues": [
    {
      "filePath": "\/Users\/ljh\/dev\/ios\/TGASDKBipPayLib\/TGASDKBipPayLib\/Classes\/Plugin\/TGABipPayWebPlugin.swift",
      "kind": "StringLiteral",
      "offset": 164,
      "length": 7,
      "value": "\"order\""
    },
    {
      "filePath": "\/Users\/ljh\/dev\/ios\/TGASDKBipPayLib\/TGASDKBipPayLib\/Classes\/Plugin\/TGABipPayWebPlugin.swift",
      "kind": "StringLiteral",
      "offset": 164,
      "length": 7,
      "value": "\"order\""
    },
    {
      "filePath": "\/Users\/ljh\/dev\/ios\/TGASDKBipPayLib\/TGASDKBipPayLib\/Classes\/Plugin\/TGABipPayWebPlugin.swift",
      "kind": "StringLiteral",
      "offset": 955,
      "length": 8,
      "value": "\"wallet\""
    },
    {
      "filePath": "\/Users\/ljh\/dev\/ios\/TGASDKBipPayLib\/TGASDKBipPayLib\/Classes\/Plugin\/TGABipPayWebPlugin.swift",
      "kind": "StringLiteral",
      "offset": 1010,
      "length": 5,
      "value": "\"bip\""
    },
    {
      "filePath": "\/Users\/ljh\/dev\/ios\/TGASDKBipPayLib\/TGASDKBipPayLib\/Classes\/Plugin\/TGABipPayWebPlugin.swift",
      "kind": "StringLiteral",
      "offset": 1037,
      "length": 2,
      "value": "\"\""
    },
    {
      "filePath": "\/Users\/ljh\/dev\/ios\/TGASDKBipPayLib\/TGASDKBipPayLib\/Classes\/Plugin\/TGABipPayWebPlugin.swift",
      "kind": "StringLiteral",
      "offset": 1080,
      "length": 7,
      "value": "\"order\""
    },
    {
      "filePath": "\/Users\/ljh\/dev\/ios\/TGASDKBipPayLib\/TGASDKBipPayLib\/Classes\/Plugin\/TGABipPayWebPlugin.swift",
      "kind": "StringLiteral",
      "offset": 1110,
      "length": 2,
      "value": "\"\""
    }
  ]
}