{
  "ABIRoot": {
    "kind": "Root",
    "name": "TopLevel",
    "printedName": "TopLevel",
    "children": [
      {
        "kind": "Import",
        "name": "Foundation",
        "printedName": "Foundation",
        "declKind": "Import",
        "moduleName": "TGASDKApplovinLib",
        "declAttributes": [
          "RawDocComment"
        ]
      },
      {
        "kind": "Import",
        "name": "AppLovinSDK",
        "printedName": "AppLovinSDK",
        "declKind": "Import",
        "moduleName": "TGASDKApplovinLib"
      },
      {
        "kind": "Import",
        "name": "Foundation",
        "printedName": "Foundation",
        "declKind": "Import",
        "moduleName": "TGASDKApplovinLib",
        "declAttributes": [
          "RawDocComment"
        ]
      },
      {
        "kind": "Import",
        "name": "AppLovinSDK",
        "printedName": "AppLovinSDK",
        "declKind": "Import",
        "moduleName": "TGASDKApplovinLib"
      },
      {
        "kind": "Import",
        "name": "TGASDK",
        "printedName": "TGASDK",
        "declKind": "Import",
        "moduleName": "TGASDKApplovinLib"
      },
      {
        "kind": "Import",
        "name": "Foundation",
        "printedName": "Foundation",
        "declKind": "Import",
        "moduleName": "TGASDKApplovinLib",
        "declAttributes": [
          "RawDocComment"
        ]
      },
      {
        "kind": "Import",
        "name": "TGASDK",
        "printedName": "TGASDK",
        "declKind": "Import",
        "moduleName": "TGASDKApplovinLib"
      },
      {
        "kind": "Import",
        "name": "AppLovinSDK",
        "printedName": "AppLovinSDK",
        "declKind": "Import",
        "moduleName": "TGASDKApplovinLib"
      },
      {
        "kind": "Import",
        "name": "Foundation",
        "printedName": "Foundation",
        "declKind": "Import",
        "moduleName": "TGASDKApplovinLib",
        "declAttributes": [
          "RawDocComment"
        ]
      },
      {
        "kind": "Import",
        "name": "AppLovinSDK",
        "printedName": "AppLovinSDK",
        "declKind": "Import",
        "moduleName": "TGASDKApplovinLib"
      },
      {
        "kind": "Import",
        "name": "TGASDK",
        "printedName": "TGASDK",
        "declKind": "Import",
        "moduleName": "TGASDKApplovinLib"
      },
      {
        "kind": "Import",
        "name": "TGASDK",
        "printedName": "TGASDK",
        "declKind": "Import",
        "moduleName": "TGASDKApplovinLib",
        "declAttributes": [
          "RawDocComment"
        ]
      },
      {
        "kind": "Import",
        "name": "AppLovinSDK",
        "printedName": "AppLovinSDK",
        "declKind": "Import",
        "moduleName": "TGASDKApplovinLib"
      },
      {
        "kind": "TypeDecl",
        "name": "TGAAppLovinWebPlugin",
        "printedName": "TGAAppLovinWebPlugin",
        "children": [
          {
            "kind": "Function",
            "name": "deInit",
            "printedName": "deInit()",
            "children": [
              {
                "kind": "TypeNominal",
                "name": "Void",
                "printedName": "()"
              }
            ],
            "declKind": "Func",
            "usr": "s:17TGASDKApplovinLib20TGAAppLovinWebPluginC6deInityyF",
            "mangledName": "$s17TGASDKApplovinLib20TGAAppLovinWebPluginC6deInityyF",
            "moduleName": "TGASDKApplovinLib",
            "overriding": true,
            "declAttributes": [
              "Override",
              "AccessControl",
              "RawDocComment"
            ],
            "funcSelfKind": "NonMutating"
          },
          {
            "kind": "Function",
            "name": "getCommand",
            "printedName": "getCommand()",
            "children": [
              {
                "kind": "TypeNominal",
                "name": "Optional",
                "printedName": "TGASDK.WebCommand?",
                "children": [
                  {
                    "kind": "TypeNominal",
                    "name": "WebCommand",
                    "printedName": "TGASDK.WebCommand",
                    "usr": "s:6TGASDK10WebCommandV"
                  }
                ],
                "usr": "s:Sq"
              }
            ],
            "declKind": "Func",
            "usr": "s:17TGASDKApplovinLib20TGAAppLovinWebPluginC10getCommand6TGASDK0eH0VSgyF",
            "mangledName": "$s17TGASDKApplovinLib20TGAAppLovinWebPluginC10getCommand6TGASDK0eH0VSgyF",
            "moduleName": "TGASDKApplovinLib",
            "overriding": true,
            "declAttributes": [
              "Override",
              "AccessControl"
            ],
            "funcSelfKind": "NonMutating"
          },
          {
            "kind": "Function",
            "name": "exec",
            "printedName": "exec(info:)",
            "children": [
              {
                "kind": "TypeNominal",
                "name": "Bool",
                "printedName": "Swift.Bool",
                "usr": "s:Sb"
              },
              {
                "kind": "TypeNominal",
                "name": "Optional",
                "printedName": "TGASDK.JsInfo?",
                "children": [
                  {
                    "kind": "TypeNominal",
                    "name": "JsInfo",
                    "printedName": "TGASDK.JsInfo",
                    "usr": "s:6TGASDK6JsInfoC"
                  }
                ],
                "usr": "s:Sq"
              }
            ],
            "declKind": "Func",
            "usr": "s:17TGASDKApplovinLib20TGAAppLovinWebPluginC4exec4infoSb6TGASDK6JsInfoCSg_tF",
            "mangledName": "$s17TGASDKApplovinLib20TGAAppLovinWebPluginC4exec4infoSb6TGASDK6JsInfoCSg_tF",
            "moduleName": "TGASDKApplovinLib",
            "overriding": true,
            "declAttributes": [
              "Override",
              "AccessControl"
            ],
            "funcSelfKind": "NonMutating"
          },
          {
            "kind": "Constructor",
            "name": "init",
            "printedName": "init()",
            "children": [
              {
                "kind": "TypeNominal",
                "name": "TGAAppLovinWebPlugin",
                "printedName": "TGASDKApplovinLib.TGAAppLovinWebPlugin",
                "usr": "s:17TGASDKApplovinLib20TGAAppLovinWebPluginC"
              }
            ],
            "declKind": "Constructor",
            "usr": "s:17TGASDKApplovinLib20TGAAppLovinWebPluginCACycfc",
            "mangledName": "$s17TGASDKApplovinLib20TGAAppLovinWebPluginCACycfc",
            "moduleName": "TGASDKApplovinLib",
            "overriding": true,
            "implicit": true,
            "objc_name": "init",
            "declAttributes": [
              "Dynamic",
              "ObjC",
              "Required"
            ],
            "init_kind": "Designated"
          }
        ],
        "declKind": "Class",
        "usr": "s:17TGASDKApplovinLib20TGAAppLovinWebPluginC",
        "mangledName": "$s17TGASDKApplovinLib20TGAAppLovinWebPluginC",
        "moduleName": "TGASDKApplovinLib",
        "declAttributes": [
          "AccessControl"
        ],
        "superclassUsr": "c:@M@TGASDK@objc(cs)TGAWebPluginBase",
        "inheritsConvenienceInitializers": true,
        "superclassNames": [
          "TGASDK.TGAWebPluginBase",
          "ObjectiveC.NSObject"
        ],
        "conformances": [
          {
            "kind": "Conformance",
            "name": "Equatable",
            "printedName": "Equatable",
            "usr": "s:SQ",
            "mangledName": "$sSQ"
          },
          {
            "kind": "Conformance",
            "name": "Hashable",
            "printedName": "Hashable",
            "usr": "s:SH",
            "mangledName": "$sSH"
          },
          {
            "kind": "Conformance",
            "name": "CVarArg",
            "printedName": "CVarArg",
            "usr": "s:s7CVarArgP",
            "mangledName": "$ss7CVarArgP"
          },
          {
            "kind": "Conformance",
            "name": "_KeyValueCodingAndObservingPublishing",
            "printedName": "_KeyValueCodingAndObservingPublishing",
            "usr": "s:10Foundation37_KeyValueCodingAndObservingPublishingP",
            "mangledName": "$s10Foundation37_KeyValueCodingAndObservingPublishingP"
          },
          {
            "kind": "Conformance",
            "name": "_KeyValueCodingAndObserving",
            "printedName": "_KeyValueCodingAndObserving",
            "usr": "s:10Foundation27_KeyValueCodingAndObservingP",
            "mangledName": "$s10Foundation27_KeyValueCodingAndObservingP"
          },
          {
            "kind": "Conformance",
            "name": "CustomStringConvertible",
            "printedName": "CustomStringConvertible",
            "usr": "s:s23CustomStringConvertibleP",
            "mangledName": "$ss23CustomStringConvertibleP"
          },
          {
            "kind": "Conformance",
            "name": "CustomDebugStringConvertible",
            "printedName": "CustomDebugStringConvertible",
            "usr": "s:s28CustomDebugStringConvertibleP",
            "mangledName": "$ss28CustomDebugStringConvertibleP"
          }
        ]
      }
    ],
    "json_format_version": 8
  },
  "ConstValues": [
    {
      "filePath": "\/Users\/ljh\/dev\/ios\/TGASDKApplovinLib\/TGASDKApplovinLib\/Classes\/AppLovin\/TGAAppLovin.swift",
      "kind": "IntegerLiteral",
      "offset": 462,
      "length": 1,
      "value": "1"
    },
    {
      "filePath": "\/Users\/ljh\/dev\/ios\/TGASDKApplovinLib\/TGASDKApplovinLib\/Classes\/AppLovin\/TGAAppLovin.swift",
      "kind": "IntegerLiteral",
      "offset": 508,
      "length": 1,
      "value": "2"
    },
    {
      "filePath": "\/Users\/ljh\/dev\/ios\/TGASDKApplovinLib\/TGASDKApplovinLib\/Classes\/AppLovin\/TGAAppLovin.swift",
      "kind": "IntegerLiteral",
      "offset": 554,
      "length": 1,
      "value": "3"
    },
    {
      "filePath": "\/Users\/ljh\/dev\/ios\/TGASDKApplovinLib\/TGASDKApplovinLib\/Classes\/AppLovin\/TGAAppLovin.swift",
      "kind": "StringLiteral",
      "offset": 604,
      "length": 6,
      "value": "\"adId\""
    },
    {
      "filePath": "\/Users\/ljh\/dev\/ios\/TGASDKApplovinLib\/TGASDKApplovinLib\/Classes\/AppLovin\/TGAAppLovin.swift",
      "kind": "StringLiteral",
      "offset": 641,
      "length": 6,
      "value": "\"name\""
    },
    {
      "filePath": "\/Users\/ljh\/dev\/ios\/TGASDKApplovinLib\/TGASDKApplovinLib\/Classes\/AppLovin\/TGAAppLovin.swift",
      "kind": "Array",
      "offset": 741,
      "length": 2,
      "value": "[]"
    },
    {
      "filePath": "\/Users\/ljh\/dev\/ios\/TGASDKApplovinLib\/TGASDKApplovinLib\/Classes\/AppLovin\/TGAAppLovin.swift",
      "kind": "BooleanLiteral",
      "offset": 771,
      "length": 5,
      "value": "false"
    },
    {
      "filePath": "\/Users\/ljh\/dev\/ios\/TGASDKApplovinLib\/TGASDKApplovinLib\/Classes\/AppLovin\/TGAAppLovin.swift",
      "kind": "StringLiteral",
      "offset": 802,
      "length": 2,
      "value": "\"\""
    },
    {
      "filePath": "\/Users\/ljh\/dev\/ios\/TGASDKApplovinLib\/TGASDKApplovinLib\/Classes\/Plugin\/TGAAppLovinAdsPlug.swift",
      "kind": "StringLiteral",
      "offset": 522,
      "length": 5,
      "value": "\"ads\""
    },
    {
      "filePath": "\/Users\/ljh\/dev\/ios\/TGASDKApplovinLib\/TGASDKApplovinLib\/Classes\/Plugin\/TGAAppLovinAdsPlug.swift",
      "kind": "StringLiteral",
      "offset": 543,
      "length": 10,
      "value": "\"applovin\""
    },
    {
      "filePath": "\/Users\/ljh\/dev\/ios\/TGASDKApplovinLib\/TGASDKApplovinLib\/Classes\/Plugin\/TGAAppLovinAdsPlug.swift",
      "kind": "StringLiteral",
      "offset": 576,
      "length": 10,
      "value": "\"showType\""
    },
    {
      "filePath": "\/Users\/ljh\/dev\/ios\/TGASDKApplovinLib\/TGASDKApplovinLib\/Classes\/Plugin\/TGAAppLovinAdsPlug.swift",
      "kind": "StringLiteral",
      "offset": 624,
      "length": 6,
      "value": "\"name\""
    },
    {
      "filePath": "\/Users\/ljh\/dev\/ios\/TGASDKApplovinLib\/TGASDKApplovinLib\/Classes\/Plugin\/TGAAppLovinAdsPlug.swift",
      "kind": "StringLiteral",
      "offset": 714,
      "length": 5,
      "value": "\"pos\""
    },
    {
      "filePath": "\/Users\/ljh\/dev\/ios\/TGASDKApplovinLib\/TGASDKApplovinLib\/Classes\/Plugin\/TGAAppLovinAdsPlug.swift",
      "kind": "StringLiteral",
      "offset": 792,
      "length": 9,
      "value": "\"isFloat\""
    },
    {
      "filePath": "\/Users\/ljh\/dev\/ios\/TGASDKApplovinLib\/TGASDKApplovinLib\/Classes\/Plugin\/TGAAppLovinAdsPlug.swift",
      "kind": "StringLiteral",
      "offset": 857,
      "length": 9,
      "value": "\"adsType\""
    },
    {
      "filePath": "\/Users\/ljh\/dev\/ios\/TGASDKApplovinLib\/TGASDKApplovinLib\/Classes\/Plugin\/TGAAppLovinAdsPlug.swift",
      "kind": "StringLiteral",
      "offset": 963,
      "length": 8,
      "value": "\"unitId\""
    },
    {
      "filePath": "\/Users\/ljh\/dev\/ios\/TGASDKApplovinLib\/TGASDKApplovinLib\/Classes\/Plugin\/TGAAppLovinAdsPlug.swift",
      "kind": "StringLiteral",
      "offset": 1064,
      "length": 8,
      "value": "\"appKey\""
    },
    {
      "filePath": "\/Users\/ljh\/dev\/ios\/TGASDKApplovinLib\/TGASDKApplovinLib\/Classes\/Plugin\/TGAAppLovinAdsPlug.swift",
      "kind": "StringLiteral",
      "offset": 1133,
      "length": 9,
      "value": "\"isReady\""
    },
    {
      "filePath": "\/Users\/ljh\/dev\/ios\/TGASDKApplovinLib\/TGASDKApplovinLib\/Classes\/Plugin\/TGAAppLovinAdsPlug.swift",
      "kind": "StringLiteral",
      "offset": 1195,
      "length": 8,
      "value": "\"action\""
    },
    {
      "filePath": "\/Users\/ljh\/dev\/ios\/TGASDKApplovinLib\/TGASDKApplovinLib\/Classes\/Plugin\/TGAAppLovinAdsPlug.swift",
      "kind": "StringLiteral",
      "offset": 1286,
      "length": 9,
      "value": "\"display\""
    },
    {
      "filePath": "\/Users\/ljh\/dev\/ios\/TGASDKApplovinLib\/TGASDKApplovinLib\/Classes\/Plugin\/TGAAppLovinAdsPlug.swift",
      "kind": "StringLiteral",
      "offset": 1340,
      "length": 11,
      "value": "\"isDisplay\""
    },
    {
      "filePath": "\/Users\/ljh\/dev\/ios\/TGASDKApplovinLib\/TGASDKApplovinLib\/Classes\/Plugin\/TGAAppLovinAdsPlug.swift",
      "kind": "StringLiteral",
      "offset": 1442,
      "length": 7,
      "value": "\"click\""
    },
    {
      "filePath": "\/Users\/ljh\/dev\/ios\/TGASDKApplovinLib\/TGASDKApplovinLib\/Classes\/Plugin\/TGAAppLovinAdsPlug.swift",
      "kind": "StringLiteral",
      "offset": 1510,
      "length": 7,
      "value": "\"video\""
    },
    {
      "filePath": "\/Users\/ljh\/dev\/ios\/TGASDKApplovinLib\/TGASDKApplovinLib\/Classes\/Plugin\/TGAAppLovinAdsPlug.swift",
      "kind": "StringLiteral",
      "offset": 1561,
      "length": 7,
      "value": "\"state\""
    },
    {
      "filePath": "\/Users\/ljh\/dev\/ios\/TGASDKApplovinLib\/TGASDKApplovinLib\/Classes\/Plugin\/TGAAppLovinAdsPlug.swift",
      "kind": "StringLiteral",
      "offset": 1683,
      "length": 12,
      "value": "\"userReward\""
    }
  ]
}